{"voltage": [0.0, 0.1, 0.2, 0.3, 0.4, 0.5, 0.6, 0.7, 0.8, 0.9, 1.0, 1.1, 1.2, 1.3, 1.4, 1.5, 1.6, 1.7, 1.8, 1.9, 2.0, 2.1, 2.2, 2.3, 2.4, 2.5, 2.6, 2.7, 2.8, 2.9, 3.0, 3.1, 3.2, 3.3, 3.4, 3.5, 3.6, 3.7, 3.8, 3.9, 4.0, 4.1, 4.2, 4.3, 4.4, 4.5, 4.6, 4.7, 4.8, 4.9, 5.0, 5.1, 5.2, 5.3, 5.4, 5.5, 5.6, 5.7, 5.8, 5.9, 6.0, 6.1, 6.2, 6.3, 6.4, 6.5, 6.6, 6.7, 6.8, 6.9, 7.0, 7.1, 7.2, 7.3, 7.4, 7.5, 7.6, 7.7, 7.8, 7.9, 8.0, 8.1, 8.2, 8.3, 8.400001, 8.5, 8.6, 8.7, 8.8, 8.900001, 9.0, 9.1, 9.2, 9.3, 9.400001, 9.5, 9.6, 9.7, 9.8, 9.900001, 10.0, 10.1, 10.2, 10.3, 10.4, 10.5, 10.6, 10.7, 10.8, 10.9, 11.0, 11.1, 11.2, 11.3, 11.4, 11.5, 11.6, 11.7, 11.8, 11.9, 12.0], "power": [0.0, 0.0, 0.0, 0.0, 0.0009997601, 0.004066948, 0.02068677, 0.01505412, 0.03170302, 0.04364706, 0.05175799, 0.05765414, 0.06041248, 0.06110489, 0.06332123, 0.06721957, 0.07074196, 0.07776731, 0.08782283, 0.08645436, 0.09704897, 0.1027034, 0.1110922, 0.1225563, 0.1324995, 0.1313385, 0.1374398, 0.1429001, 0.1511473, 0.1610234, 0.1655806, 0.1653707, 0.1692001, 0.1750066, 0.1791424, 0.1824973, 0.1860869, 0.1796097, 0.1873656, 0.1922734, 0.1901333, 0.1971712, 0.1992621, 0.2029426, 0.2051177, 0.2042981, 0.2094334, 0.2112222, 0.2127957, 0.2088778, 0.2068856, 0.216521, 0.2162605, 0.2174213, 0.221193, 0.2242125, 0.2148269, 0.217078, 0.2142949, 0.2210721, 0.2276423, 0.2226979, 0.2354821, 0.2340943, 0.2371421, 0.240103, 0.233451, 0.2336108, 0.2488566, 0.2727628, 0.2682678, 0.2609697, 0.2658081, 0.2659196, 0.2783253, 0.2735616, 0.2751534, 0.2713946, 0.274873, 0.2749339, 0.2650996, 0.2781399, 0.2846016, 0.2963874, 0.2762271, 0.2785599, 0.2768636, 0.2775287, 0.2967741, 0.3105477, 0.2655138, 0.2692021, 0.2675438, 0.28338, 0.2812167, 0.2739251, 0.3204688, 0.3199514, 0.3220676, 0.2993906, 0.3671461, 0.4094721, 0.3982124, 0.4167772, 0.4383111, 0.3140621, 0.4430648, 0.3721323, 0.4519689, 0.4965378, 0.4927675, 0.527687, 0.4632437, 0.4197649, 0.5021654, 0.4156693, 0.4521868, 0.4102394, 0.3843904, 0.3710366, 0.3374937], "efficiency": [0.0, 0.0, 0.0, 0.0, 4.47952, 13.4834, 15.55527, 17.6076, 18.13144, 20.44156, 21.48756, 22.3822, 21.72043, 22.0033, 22.2208, 23.86482, 24.36358, 27.60907, 32.6114, 33.40405, 33.45348, 36.03967, 38.31306, 40.31446, 40.45697, 40.77274, 41.6744, 41.51068, 43.23574, 43.94563, 42.82642, 42.38421, 41.48258, 41.90968, 41.44635, 40.63336, 40.03449, 40.16423, 39.8264, 39.43611, 38.46412, 36.79244, 37.28118, 38.13416, 37.51393, 36.86824, 35.9, 35.75176, 35.12832, 33.48361, 33.03593, 32.75019, 32.14664, 30.90646, 30.29168, 30.48601, 28.76541, 28.29516, 27.14559, 26.86321, 26.78981, 26.42898, 26.6499, 26.1185, 25.64031, 25.04497, 24.81804, 24.1738, 24.29449, 24.69946, 24.19493, 23.12449, 22.71171, 23.10529, 23.24149, 22.33157, 22.007, 21.21191, 20.71999, 20.81613, 19.89073, 20.05149, 20.44554, 20.27984, 19.17768, 19.37186, 18.67439, 18.39006, 19.10842, 19.48061, 17.41845, 17.54646, 16.92777, 17.27114, 16.39419, 15.57506, 17.03367, 17.36175, 16.69397, 15.97603, 18.30212, 19.03492, 18.40626, 18.98806, 19.36899, 16.08508, 18.87118, 17.34907, 18.50368, 18.86519, 17.77483, 18.58743, 17.29473, 17.36923, 19.27715, 17.27219, 17.43226, 16.64823, 15.91611, 15.50251, 14.38725], "speed": [0.0, 0.0, 0.0, 0.14, 0.4677778, 2.674445, 3.212222, 3.88, 4.716667, 6.064444, 7.314444, 8.446667, 9.487778, 9.524446, 10.60444, 11.69333, 12.99556, 14.17222, 15.35667, 15.17778, 16.40778, 17.77889, 18.91111, 20.01778, 21.16333, 21.19667, 22.52667, 23.64889, 24.76333, 25.91222, 27.02111, 26.86778, 28.01333, 29.23, 30.49, 31.55, 33.08333, 33.00111, 33.92889, 35.17111, 36.29667, 37.15222, 38.35889, 38.43667, 39.80778, 40.78778, 41.76111, 42.94445, 44.52333, 44.02445, 45.17666, 46.56333, 47.81333, 48.67445, 49.82778, 49.89778, 51.03333, 52.21778, 53.49889, 54.64778, 55.78778, 55.75889, 56.94222, 58.23444, 59.40111, 60.40112, 60.67445, 61.66444, 62.91778, 63.54888, 65.40334, 65.86889, 67.12112, 67.62444, 68.70556, 69.55555, 70.58334, 71.93778, 73.36222, 72.98, 74.05334, 75.01889, 76.41889, 77.87221, 78.77778, 78.77223, 79.87667, 81.02555, 82.09, 84.10335, 84.91, 84.87222, 86.15444, 87.18, 88.82668, 89.52445, 90.58223, 90.85667, 91.56668, 92.78111, 94.45224, 95.02778, 95.06778, 96.04334, 97.92001, 98.58111, 100.1478, 100.8511, 102.5222, 101.7955, 102.8011, 104.0667, 105.1011, 106.1533, 107.0522, 107.8078, 109.0778, 110.4478, 111.2489, 111.5, 111.2789], "torque": [0.0, 0.0, 0.0, 0.0, 0.0005604426, 0.002484641, 0.01044935, 0.006265997, 0.01071081, 0.01137095, 0.0113019, 0.01085672, 0.01020285, 0.01021943, 0.009537296, 0.009170278, 0.008723032, 0.008825194, 0.009166406, 0.009169923, 0.009404976, 0.009288029, 0.009376719, 0.009822693, 0.01001188, 0.009860042, 0.009668309, 0.009629162, 0.009748156, 0.009886091, 0.009785036, 0.00983176, 0.009648156, 0.009575668, 0.009389008, 0.009196209, 0.008944084, 0.008690607, 0.008799, 0.008730597, 0.008363899, 0.00844412, 0.008285275, 0.008439368, 0.008229539, 0.007987986, 0.007976089, 0.007852958, 0.007593132, 0.007591091, 0.007314586, 0.007392052, 0.007244675, 0.007162342, 0.007067439, 0.007178131, 0.006714424, 0.006605782, 0.006439738, 0.006436043, 0.006489652, 0.006395957, 0.006595509, 0.006390198, 0.006347401, 0.006353281, 0.006110012, 0.006032322, 0.006306602, 0.006830843, 0.006544227, 0.006294051, 0.006302671, 0.006250998, 0.006472087, 0.006297915, 0.006170199, 0.00601521, 0.005982077, 0.005971928, 0.005675756, 0.005947027, 0.00592311, 0.006067205, 0.005584278, 0.005611444, 0.00549556, 0.005455062, 0.005769188, 0.005888839, 0.00498461, 0.005038186, 0.004939317, 0.005191889, 0.00502718, 0.004874529, 0.005623656, 0.005622477, 0.005596213, 0.005113461, 0.006180754, 0.00685553, 0.006674268, 0.006947088, 0.007077801, 0.005056307, 0.00708432, 0.005879065, 0.006968078, 0.007713356, 0.007613267, 0.007987486, 0.007008049, 0.006308916, 0.007443819, 0.006112998, 0.006584599, 0.005940577, 0.005470031, 0.005302384, 0.004809595]}