{"voltage": [0.0, 0.1, 0.2, 0.3, 0.4, 0.5, 0.6, 0.7, 0.8, 0.9, 1.0, 1.1, 1.2, 1.3, 1.4, 1.5, 1.6, 1.7, 1.8, 1.9, 2.0, 2.1, 2.2, 2.3, 2.4, 2.5, 2.6, 2.7, 2.8, 2.9, 3.0, 3.1, 3.2, 3.3, 3.4, 3.5, 3.6, 3.7, 3.8, 3.9, 4.0, 4.1, 4.2, 4.3, 4.4, 4.5, 4.6, 4.7, 4.8, 4.9, 5.0, 5.1, 5.2, 5.3, 5.4, 5.5, 5.6, 5.7, 5.8, 5.9, 6.0, 6.1, 6.2, 6.3, 6.4, 6.5, 6.6, 6.7, 6.8, 6.9, 7.0, 7.1, 7.2, 7.3, 7.4, 7.5, 7.6, 7.7, 7.8, 7.9, 8.0, 8.1, 8.2, 8.3, 8.400001, 8.5, 8.6, 8.7, 8.8, 8.900001, 9.0, 9.1, 9.2, 9.3, 9.400001, 9.5, 9.6, 9.7, 9.8, 9.900001, 10.0, 10.1, 10.2, 10.3, 10.4, 10.5, 10.6, 10.7, 10.8, 10.9, 11.0, 11.1, 11.2, 11.3, 11.4, 11.5, 11.6, 11.7, 11.8, 11.9, 12.0], "power": [0.0, 0.0, 0.0, 0.0, 0.0, 0.0, 0.0, 0.0, 0.0, 0.001139241, 0.003632041, 0.0, 0.0, 0.006890873, 0.05074238, 0.02089964, 0.05062892, 0.0816232, 0.1286306, 0.1336684, 0.1601028, 0.1936705, 0.2203604, 0.247462, 0.2757113, 0.2811898, 0.3092535, 0.3398211, 0.3683286, 0.3995022, 0.4315557, 0.4304255, 0.4596295, 0.4892205, 0.5132827, 0.5366755, 0.5683901, 0.5711772, 0.6004363, 0.6348447, 0.6513062, 0.6833509, 0.7014909, 0.7067518, 0.7497622, 0.7747147, 0.7562593, 0.8008195, 0.8338179, 0.8233427, 0.8436962, 0.8814708, 0.9053242, 0.933882, 0.9490358, 0.9659336, 0.9928635, 1.017251, 1.048651, 1.078163, 1.105075, 1.108598, 1.123475, 1.149334, 1.163524, 1.197432, 1.180658, 1.221931, 1.24583, 1.267093, 1.27823, 1.301002, 1.331405, 1.321595, 1.336048, 1.374284, 1.398057, 1.447971, 1.445624, 1.456774, 1.48786, 1.500831, 1.517758, 1.547214, 1.5549, 1.561071, 1.570949, 1.61509, 1.654101, 1.635052, 1.677042, 1.698846, 1.71793, 1.731794, 1.73661, 1.757479, 1.760808, 1.811161, 1.785667, 1.893487, 1.961679, 2.023894, 2.007436, 2.051379, 2.133628, 2.157485, 2.246202, 2.438995, 2.513964, 2.518545, 2.601756, 2.600679, 2.410959, 2.872155, 2.803524, 2.595121, 2.7107, 2.744169, 2.944439, 3.153905, 3.136876], "efficiency": [0.0, 0.0, 0.0, 0.0, 0.0, 0.0, 0.0, 0.0, 0.0, 0.4116586, 1.049844, 0.0, 0.0, 1.580686, 6.300378, 7.130522, 12.97682, 17.75507, 30.50663, 31.01255, 33.89423, 37.39235, 40.28911, 42.0499, 43.30151, 45.1689, 44.88021, 46.45387, 47.73649, 49.16157, 50.92128, 50.53695, 51.20471, 51.53445, 52.11146, 52.42223, 53.22911, 53.33828, 53.30307, 54.84523, 54.39533, 54.90757, 55.31295, 55.01622, 55.21955, 55.06867, 54.92051, 55.17292, 55.61082, 55.18112, 55.55418, 55.82287, 55.85549, 55.90541, 55.63383, 56.28549, 56.7501, 56.43123, 56.90956, 56.90182, 56.70306, 56.75843, 56.94045, 56.76475, 56.10608, 55.96818, 55.71943, 55.99568, 56.26476, 56.10002, 55.43403, 55.9713, 55.74637, 55.60488, 55.29139, 55.60462, 54.98398, 55.48955, 55.19291, 55.87703, 55.09424, 54.76989, 54.77414, 54.597, 54.20816, 54.41246, 54.08624, 54.36439, 54.15204, 53.58324, 53.86504, 54.18551, 53.8729, 53.60497, 53.37153, 52.93071, 52.70544, 53.01162, 52.59115, 53.43068, 53.21414, 53.75011, 53.31164, 53.29072, 53.82558, 53.41311, 53.83932, 55.08571, 55.32845, 55.21904, 55.25962, 54.92895, 53.68397, 56.09691, 55.20263, 53.9905, 54.93791, 54.71208, 55.45639, 55.81371, 55.32476], "speed": [0.0, 0.0, 0.0, 0.0, 0.1044445, 0.0, 0.0, 0.0, 0.0, 0.04111111, 0.1133333, 0.0, 0.0, 0.1866667, 1.917778, 1.506667, 2.281111, 3.32, 6.373334, 6.463334, 7.53, 8.875555, 10.17444, 11.28667, 12.36889, 12.9, 13.58889, 14.79667, 16.12667, 17.43111, 18.89444, 18.68889, 19.82334, 21.0, 22.01555, 23.28444, 24.53222, 24.49111, 25.51778, 27.10222, 28.16778, 29.49889, 30.73556, 30.50889, 31.51111, 32.63222, 33.83, 34.51445, 36.07222, 35.89778, 37.07, 38.15556, 39.20778, 40.66667, 41.46999, 41.74333, 43.09556, 44.33556, 45.74556, 46.66889, 47.79334, 47.80778, 49.22667, 50.28111, 51.66667, 52.58333, 52.37777, 53.44667, 55.00889, 56.37333, 57.16, 58.85222, 60.05, 59.95333, 60.96889, 62.35222, 63.17334, 64.55778, 65.90556, 66.79334, 67.43222, 68.22111, 69.60556, 70.66778, 71.86555, 72.08556, 72.89445, 74.19555, 75.34334, 76.28334, 77.77889, 77.94778, 78.98332, 80.29222, 81.48444, 82.30333, 84.06555, 83.73, 85.07, 86.52889, 87.29113, 88.92445, 88.17779, 89.15443, 91.42333, 91.54445, 92.94889, 94.57, 95.73444, 95.55555, 97.05555, 98.33888, 98.95667, 101.9778, 101.4389, 100.7267, 103.5278, 103.9789, 105.7067, 106.6744, 107.7056], "torque": [0.0, 0.0, 0.0, 0.0, 0.0, 0.008201855, 0.01678713, 0.01658725, 0.01516996, 0.02060833, 0.02729661, 0.02626261, 0.03273221, 0.03290898, 0.04084511, 0.03494592, 0.03592141, 0.03944135, 0.0325132, 0.03354042, 0.03460285, 0.03515964, 0.03474456, 0.03518194, 0.03568361, 0.03493906, 0.03645973, 0.03672935, 0.03664898, 0.0367255, 0.03654979, 0.03693255, 0.03714844, 0.03724845, 0.0372917, 0.03696809, 0.03699213, 0.03721621, 0.03762294, 0.03741574, 0.03693876, 0.03702667, 0.03645138, 0.03696768, 0.03799493, 0.0379287, 0.03569677, 0.03707849, 0.03683195, 0.03665298, 0.03636068, 0.03689277, 0.03687573, 0.03661923, 0.03643734, 0.03691633, 0.03671413, 0.03650881, 0.03645712, 0.03684649, 0.03687739, 0.03696315, 0.03644232, 0.03635481, 0.03588725, 0.03622414, 0.03585587, 0.03639202, 0.0360793, 0.03587807, 0.03563931, 0.03523673, 0.03534052, 0.03511402, 0.03489296, 0.03509055, 0.03521657, 0.03572351, 0.03488106, 0.03471707, 0.03509073, 0.03503334, 0.03473239, 0.03487854, 0.03445823, 0.03447488, 0.03432913, 0.03469097, 0.03494366, 0.0341324, 0.03431581, 0.03470433, 0.03464185, 0.03433315, 0.03394091, 0.03399231, 0.03331752, 0.03444512, 0.03340044, 0.03480144, 0.03576085, 0.03624942, 0.0361767, 0.03663025, 0.03708319, 0.03756872, 0.03840061, 0.04104987, 0.0418328, 0.04201536, 0.04270318, 0.0419783, 0.03877444, 0.04474972, 0.04411376, 0.04104486, 0.04166911, 0.04195991, 0.04435983, 0.04706724, 0.04633029]}