{"voltage": [0.0, 0.1, 0.2, 0.3, 0.4, 0.5, 0.6, 0.7, 0.8, 0.9, 1.0, 1.1, 1.2, 1.3, 1.4, 1.5, 1.6, 1.7, 1.8, 1.9, 2.0, 2.1, 2.2, 2.3, 2.4, 2.5, 2.6, 2.7, 2.8, 2.9, 3.0, 3.1, 3.2, 3.3, 3.4, 3.5, 3.6, 3.7, 3.8, 3.9, 4.0, 4.1, 4.2, 4.3, 4.4, 4.5, 4.6, 4.7, 4.8, 4.9, 5.0, 5.1, 5.2, 5.3, 5.4, 5.5, 5.6, 5.7, 5.8, 5.9, 6.0, 6.1, 6.2, 6.3, 6.4, 6.5, 6.6, 6.7, 6.8, 6.9, 7.0, 7.1, 7.2, 7.3, 7.4, 7.5, 7.6, 7.7, 7.8, 7.9, 8.0, 8.1, 8.2, 8.3, 8.400001, 8.5, 8.6, 8.7, 8.8, 8.900001, 9.0, 9.1, 9.2, 9.3, 9.400001, 9.5, 9.6, 9.7, 9.8, 9.900001, 10.0, 10.1, 10.2, 10.3, 10.4, 10.5, 10.6, 10.7, 10.8, 10.9, 11.0, 11.1, 11.2, 11.3, 11.4, 11.5, 11.6, 11.7, 11.8, 11.9, 12.0], "power": [0.0, 0.0, 0.0, 0.0, 0.0, 0.0, 0.002600494, 0.001102421, 0.0007985538, 0.02149837, 0.0341457, 0.03976293, 0.04914612, 0.0494999, 0.05489582, 0.06085649, 0.06491885, 0.07205462, 0.07644489, 0.07577935, 0.07939973, 0.09588602, 0.1035161, 0.1111, 0.1219139, 0.1186768, 0.1286701, 0.1450472, 0.1600784, 0.1663235, 0.1705789, 0.1651606, 0.1855199, 0.1842861, 0.1943163, 0.2005163, 0.2028841, 0.2019851, 0.2123255, 0.2094861, 0.2131694, 0.2256677, 0.2303473, 0.2173763, 0.2260992, 0.2371961, 0.2402563, 0.2522811, 0.2556662, 0.2410179, 0.2576155, 0.2504785, 0.2542076, 0.2647542, 0.2727224, 0.2803052, 0.2831049, 0.2815969, 0.2811668, 0.2754421, 0.2865882, 0.2902106, 0.2881865, 0.2945753, 0.2898847, 0.278552, 0.2689156, 0.2678458, 0.2586725, 0.2508657, 0.2566394, 0.2595643, 0.2634652, 0.2712336, 0.2555404, 0.2605953, 0.2545053, 0.2551883, 0.2708484, 0.2707181, 0.2601082, 0.2448264, 0.2663043, 0.2722575, 0.2783394, 0.2727353, 0.2465046, 0.2347926, 0.2215765, 0.234615, 0.2681617, 0.2461657, 0.2580272, 0.289068, 0.2939533, 0.2825518, 0.2739137, 0.2528797, 0.2780561, 0.2567055, 0.2978464, 0.3355373, 0.3273495, 0.3634913, 0.4124849, 0.4935521, 0.3816899, 0.3863318, 0.3576171, 0.4464818, 0.4061362, 0.3928883, 0.4267394, 0.498279, 0.5535981, 0.5124632, 0.4493844, 0.4313292, 0.4503076, 0.4637557, 0.4656841], "efficiency": [0.0, 0.0, 0.0, 0.0, 0.0, 0.0, 6.80586, 5.525171, 4.461975, 15.36695, 18.24929, 19.77043, 20.4992, 20.40299, 21.22167, 21.69077, 22.49259, 27.60389, 29.54028, 27.79198, 28.63014, 33.91591, 39.89368, 40.81242, 43.28298, 43.0483, 44.64178, 47.6992, 49.11142, 48.87798, 48.48272, 47.85365, 49.36958, 47.22593, 47.7945, 47.80802, 46.10147, 46.09504, 46.505, 45.33917, 44.1932, 44.17131, 43.84334, 42.7305, 42.30517, 42.12343, 41.57802, 41.80361, 40.57871, 39.36511, 40.05771, 38.5884, 37.23456, 37.42338, 36.18434, 36.71297, 37.08375, 34.52367, 34.20514, 32.70834, 32.87794, 32.5669, 31.3619, 31.44029, 29.78597, 28.83082, 28.50555, 28.0935, 26.77717, 25.64865, 25.59087, 24.75579, 24.38643, 25.15029, 23.59195, 23.49442, 22.17216, 22.00433, 22.56794, 22.38046, 21.12587, 19.87849, 20.46576, 20.16731, 20.10676, 19.83931, 18.20197, 17.20016, 16.42094, 16.61265, 18.01002, 16.86267, 17.0696, 18.11624, 17.99186, 17.20767, 16.53236, 15.57437, 16.33028, 15.01924, 16.43756, 17.91532, 17.63681, 18.72786, 19.72713, 21.99743, 18.53076, 18.12076, 16.95473, 19.87156, 18.24623, 17.19303, 17.74888, 19.3096, 20.90369, 19.90757, 18.16388, 17.68181, 18.19111, 18.53727, 18.68704], "speed": [0.0, 0.0, 0.0, 0.0, 0.0, 0.49, 2.332222, 2.238889, 4.643333, 4.664444, 6.136667, 7.633333, 8.81889, 8.866667, 10.06889, 11.2, 12.43889, 13.42111, 14.74889, 14.94889, 16.01222, 17.29556, 18.21556, 19.27222, 20.41778, 20.53556, 21.62667, 22.76556, 23.76111, 24.94222, 26.10889, 26.18556, 27.12444, 28.32, 29.38334, 30.57778, 31.75111, 31.59889, 32.77445, 34.17, 34.95111, 36.27889, 37.51556, 37.43889, 38.50777, 39.41778, 40.72999, 41.61555, 43.11889, 42.97556, 44.00445, 45.35223, 46.47778, 47.57333, 48.59333, 48.81, 50.28223, 50.91556, 52.07333, 53.27888, 54.69222, 54.64555, 55.27889, 57.02556, 58.33333, 59.22778, 59.35, 60.56666, 61.57444, 62.79, 63.79778, 65.20668, 66.22889, 66.58445, 67.37667, 68.49444, 69.73111, 71.07889, 72.40333, 72.27445, 73.26334, 74.58778, 75.45888, 76.99557, 78.28223, 77.94889, 79.10445, 80.12668, 81.3589, 81.94001, 83.85889, 83.54888, 85.06889, 86.03001, 86.68889, 88.83888, 90.01445, 89.56334, 91.07445, 91.65222, 93.27224, 94.65445, 93.94778, 95.01999, 96.25223, 97.62778, 99.67223, 99.13778, 101.4411, 101.2011, 101.59, 102.8411, 104.0344, 105.4556, 108.1422, 108.18, 108.82, 109.4778, 108.9067, 109.3667, 109.63], "torque": [0.0, 0.0, 0.0, 0.0, 0.0, 0.0, 0.002117785, 0.0008571559, 0.0003024625, 0.007677494, 0.00899918, 0.008595029, 0.008966464, 0.009093202, 0.008787325, 0.008709247, 0.008417516, 0.00857739, 0.008359354, 0.00815435, 0.007989357, 0.008953258, 0.009153995, 0.009279483, 0.009602824, 0.0092808, 0.009541709, 0.01027284, 0.01083992, 0.01069626, 0.01051091, 0.01013267, 0.01095515, 0.01043126, 0.01060303, 0.01051082, 0.01023687, 0.01023545, 0.01034894, 0.009805885, 0.009778934, 0.009950082, 0.009818142, 0.009315701, 0.009408195, 0.009624574, 0.009432467, 0.009679927, 0.009487455, 0.00897257, 0.00935717, 0.008810345, 0.008733374, 0.008899528, 0.008991912, 0.009130589, 0.008952582, 0.008800554, 0.008614028, 0.008256134, 0.008379232, 0.008468221, 0.008347166, 0.008262562, 0.007929456, 0.007498248, 0.007252445, 0.00705611, 0.006711225, 0.006372406, 0.006419463, 0.006350093, 0.006326656, 0.006480558, 0.006036468, 0.006066287, 0.005830365, 0.005728693, 0.005956638, 0.005966664, 0.005662741, 0.00523176, 0.005620984, 0.005630416, 0.005663774, 0.005560238, 0.004968405, 0.004671069, 0.004343993, 0.004561024, 0.00510212, 0.004695657, 0.004835032, 0.005345804, 0.005393491, 0.005067411, 0.004839368, 0.004484428, 0.004864672, 0.004461522, 0.005096357, 0.005656771, 0.005563389, 0.006097056, 0.006827859, 0.008047308, 0.006090249, 0.00621355, 0.005603233, 0.007029737, 0.006348125, 0.006085441, 0.006522117, 0.007517843, 0.008166736, 0.007544798, 0.00656574, 0.006270113, 0.006587834, 0.006760926, 0.00674032]}