{"voltage": [0.0, 0.1, 0.2, 0.3, 0.4, 0.5, 0.6, 0.7, 0.8, 0.9, 1.0, 1.1, 1.2, 1.3, 1.4, 1.5, 1.6, 1.7, 1.8, 1.9, 2.0, 2.1, 2.2, 2.3, 2.4, 2.5, 2.6, 2.7, 2.8, 2.9, 3.0, 3.1, 3.2, 3.3, 3.4, 3.5, 3.6, 3.7, 3.8, 3.9, 4.0, 4.1, 4.2, 4.3, 4.4, 4.5, 4.6, 4.7, 4.8, 4.9, 5.0, 5.1, 5.2, 5.3, 5.4, 5.5, 5.6, 5.7, 5.8, 5.9, 6.0, 6.1, 6.2, 6.3, 6.4, 6.5, 6.6, 6.7, 6.8, 6.9, 7.0, 7.1, 7.2, 7.3, 7.4, 7.5, 7.6, 7.7, 7.8, 7.9, 8.0, 8.1, 8.2, 8.3, 8.400001, 8.5, 8.6, 8.7, 8.8, 8.900001, 9.0, 9.1, 9.2, 9.3, 9.400001, 9.5, 9.6, 9.7, 9.8, 9.900001, 10.0, 10.1, 10.2, 10.3, 10.4, 10.5, 10.6, 10.7, 10.8, 10.9, 11.0, 11.1, 11.2, 11.3, 11.4, 11.5, 11.6, 11.7, 11.8, 11.9, 12.0], "power": [0.0, 0.0, 0.0, 0.0, 0.0, 0.0, 0.0, 0.0, 0.0, 0.0, 0.01517671, 0.0285083, 0.03906069, 0.04035671, 0.04555984, 0.05327566, 0.05556014, 0.06212566, 0.07363942, 0.07360245, 0.0880545, 0.09730092, 0.1246223, 0.1368657, 0.1537696, 0.1555054, 0.1654936, 0.1855325, 0.1928782, 0.2063088, 0.2192241, 0.2196031, 0.2266092, 0.2370997, 0.2490423, 0.2586278, 0.2577152, 0.2598735, 0.2703796, 0.2769544, 0.2895496, 0.2876207, 0.3036136, 0.2977773, 0.3116786, 0.3209259, 0.3216133, 0.322403, 0.3276162, 0.3238239, 0.3228801, 0.3333915, 0.3302119, 0.3390956, 0.3466193, 0.3479343, 0.3436985, 0.3422365, 0.3505632, 0.3532366, 0.3627005, 0.3553877, 0.3675714, 0.3623777, 0.3688306, 0.3678933, 0.3657494, 0.3734262, 0.3695457, 0.3829051, 0.3976254, 0.3847304, 0.3868532, 0.3911929, 0.3959404, 0.3908771, 0.3954339, 0.3972308, 0.3877474, 0.4007219, 0.4036401, 0.3889716, 0.4131086, 0.3943958, 0.3953806, 0.4065263, 0.3945076, 0.3967566, 0.3776273, 0.4108315, 0.3983622, 0.406451, 0.3956542, 0.3979757, 0.3975841, 0.3824139, 0.3740397, 0.3795906, 0.3875782, 0.4157724, 0.4362585, 0.4446908, 0.4404983, 0.4300248, 0.4512842, 0.4400087, 0.5425439, 0.4512869, 0.609442, 0.5295085, 0.4951783, 0.5077267, 0.535556, 0.6339757, 0.7514057, 0.6621458, 0.7313734, 0.7134462, 0.7070525, 0.6847384, 0.7024013], "efficiency": [0.0, 0.0, 0.0, 0.0, 0.0, 0.0, 0.0, 0.0, 0.0, 0.0, 6.075827, 9.945722, 12.97919, 13.23743, 13.87754, 21.10346, 16.38106, 18.20419, 25.08821, 26.18362, 33.57564, 34.35619, 43.4596, 45.18229, 47.39372, 47.09597, 48.05952, 50.43842, 50.52661, 51.82533, 52.13508, 52.07855, 51.6599, 51.10232, 51.65127, 51.46524, 49.68984, 50.12414, 50.19628, 49.43586, 49.55244, 48.36333, 48.15306, 47.6909, 47.50071, 47.18015, 46.65159, 46.21195, 45.24108, 44.94018, 44.33534, 44.21739, 42.53908, 41.87035, 41.48249, 41.84178, 40.5459, 39.16965, 38.89055, 37.99033, 37.68235, 37.36131, 37.721, 36.2868, 35.76416, 34.79586, 34.48595, 34.19337, 33.24608, 33.27549, 33.64199, 32.31262, 31.44456, 31.84469, 31.30865, 30.6014, 29.85328, 29.31542, 27.88405, 29.19206, 28.14501, 26.49027, 26.49186, 25.17618, 24.75352, 25.63761, 24.87211, 24.39615, 23.63849, 25.11894, 22.95581, 23.56745, 21.93907, 21.50785, 21.30502, 21.39607, 21.01313, 21.6291, 21.39008, 21.79839, 22.83561, 21.91614, 21.48068, 19.99085, 20.25917, 19.66274, 24.10016, 20.33047, 26.70805, 23.88281, 21.78042, 21.59639, 21.8574, 24.08094, 26.91289, 24.94775, 25.41711, 24.30082, 23.99575, 23.47754, 23.24126], "speed": [0.0, 0.0, 0.0, 0.04222222, 0.0, 0.0, 0.0, 0.06222222, 0.25, 0.0, 2.41, 3.681111, 5.693333, 5.804444, 6.65111, 7.247778, 8.674443, 10.02, 11.36556, 10.95444, 12.36778, 14.06556, 15.59111, 16.73222, 17.72778, 17.59111, 18.47555, 20.05445, 21.83667, 23.07889, 24.44556, 24.43, 25.57222, 26.62222, 27.95111, 29.28, 30.28889, 30.42667, 31.54111, 32.52333, 34.26, 35.51, 36.42889, 36.69556, 37.97333, 38.95111, 40.07667, 41.11444, 42.06666, 42.04889, 43.46445, 44.46445, 45.63777, 46.64889, 47.99444, 48.08556, 49.00889, 50.72999, 51.96556, 53.04778, 54.31777, 54.16778, 55.31556, 56.42889, 57.99778, 59.03889, 59.15, 60.38222, 61.34778, 62.70333, 63.88, 65.38111, 66.85444, 66.6, 67.47, 68.56445, 69.78889, 71.26667, 71.94778, 72.56556, 73.72667, 74.59889, 75.96888, 77.46778, 78.43, 78.5089, 79.55111, 80.58444, 81.28222, 82.84334, 84.13555, 83.67445, 84.89333, 86.28778, 87.75111, 89.00222, 89.9789, 90.45889, 91.19445, 91.96, 92.75001, 94.01333, 94.31334, 95.56112, 96.65777, 97.27111, 98.45112, 100.21, 101.3889, 100.8689, 102.0367, 103.2456, 104.4489, 104.6456, 106.3578, 106.8478, 107.6789, 109.0389, 109.7044, 110.5333, 111.9222], "torque": [0.0, 0.0, 0.0, 0.0, 0.0, 0.000133672, 0.002864387, 0.00160527, 0.01031072, 0.01312785, 0.01172723, 0.01200195, 0.01092794, 0.01112133, 0.01096893, 0.01170122, 0.01018777, 0.009901533, 0.0103919, 0.01091823, 0.01144374, 0.01121904, 0.01285174, 0.01315704, 0.01391405, 0.01419532, 0.01442143, 0.01483091, 0.01414968, 0.0142774, 0.01435789, 0.01439676, 0.01418209, 0.01424189, 0.0142451, 0.01413362, 0.01360419, 0.01364546, 0.01368197, 0.01360398, 0.01350776, 0.01293858, 0.01332065, 0.01297433, 0.0130813, 0.01314725, 0.01281233, 0.01250283, 0.01241738, 0.01229732, 0.01184771, 0.01200272, 0.01155649, 0.01158626, 0.01154112, 0.01152703, 0.01120741, 0.01080477, 0.01080469, 0.01065219, 0.01067206, 0.01045386, 0.01060794, 0.01024218, 0.01015065, 0.009953958, 0.009861193, 0.009877707, 0.009616806, 0.009757951, 0.009924898, 0.009375764, 0.009235874, 0.009342875, 0.00933061, 0.009111609, 0.009047935, 0.008889381, 0.008620252, 0.008805515, 0.008744644, 0.008326078, 0.00866053, 0.00814071, 0.008047772, 0.00828801, 0.00789083, 0.007853384, 0.007440951, 0.007904092, 0.007549846, 0.007774996, 0.007439673, 0.007331818, 0.007229729, 0.006807541, 0.006608018, 0.006680491, 0.006781677, 0.007213869, 0.007480401, 0.00754541, 0.007451319, 0.007187781, 0.007458583, 0.007211202, 0.008799866, 0.007227747, 0.009599283, 0.008342365, 0.007741001, 0.007840428, 0.008162101, 0.009611348, 0.01122566, 0.009872305, 0.01080885, 0.01042886, 0.01027364, 0.009867898, 0.01000101]}